dni,apellido,nombre,titulo,departamento,tipo_prof
26029350,Stollwerck,Jory,Software Consultant,4,2
30850990,Sporton,Donnell,Teacher,8,2
25909430,Willshee,Loise,Environmental Tech,4,2
31053720,Mithan,Karleen,Health Coach I,11,2
40074587,Beggan,Worden,Business Systems Development Analyst,7,1
40327703,Hampton,Allyn,VP Sales,10,1
37695710,Laurencot,Kristian,Registered Nurse,12,1
38040555,Fantin,Delmer,Project Manager,10,1
29706211,Peterken,Northrup,Social Worker,1,2
26477255,Weepers,Carlita,Geological Engineer,4,2
30971854,Yusupov,Mose,Environmental Tech,3,2
30081148,Mugleston,Gawen,Statistician IV,8,1
38553533,Zollner,Say,Software Test Engineer III,9,1
26536934,Course,Sapphira,Software Test Engineer III,12,2
40841840,Naris,Nananne,Senior Financial Analyst,10,2
25362255,O'Fergus,Rubi,Developer III,2,1
37935026,Cuff,Rafa,Compensation Analyst,9,1
25252686,Claeskens,Essa,Nuclear Power Engineer,2,1
33451208,Narup,Helaina,Internal Auditor,10,2
34064781,Dumingos,Ramona,Tax Accountant,3,1
37716434,Choudhury,Constantina,Senior Quality Engineer,4,2
40641070,Menloe,Odette,Health Coach III,11,2
28540249,Kearle,Wolfy,Recruiter,1,1
34484213,Molloy,Adelle,Product Engineer,12,1
35734928,Matejka,Hyman,Account Representative III,5,2
28474455,Bineham,Minnnie,Engineer IV,3,1
34479526,Haitlie,Felicdad,Cost Accountant,8,2
27847906,MacFarlane,Corella,Account Coordinator,9,2
34491837,Frape,Merv,Automation Specialist III,7,2
30841919,Turnpenny,Dolorita,Account Coordinator,5,1
26341794,Craighall,Ebeneser,Social Worker,10,1
28574697,Elcum,Tabbitha,Human Resources Manager,1,2
36082245,Ledwidge,Kellina,Budget/Accounting Analyst II,12,2
28577729,Wheatcroft,Marcus,Chemical Engineer,4,2
40381442,Cator,Ysabel,Desktop Support Technician,7,1
30795843,Philip,Seumas,Nurse Practicioner,4,1
38142982,Brader,Gerta,VP Marketing,5,2
35269910,McKerlie,Ramsey,Marketing Manager,8,2
28431969,Lavallin,Zeke,Clinical Specialist,10,2
34391713,Downer,Verena,Structural Engineer,4,1
31790318,Mardall,Cozmo,Business Systems Development Analyst,3,2
33646124,Kilgrove,Jobye,Technical Writer,10,1
39915951,Balaison,Shirlene,Analyst Programmer,4,2
34347770,Nordass,Mimi,Actuary,8,1
29880452,Dudderidge,Stern,Technical Writer,4,2
36446977,Itzkovsky,Anstice,Physical Therapy Assistant,3,2
36265219,Hick,Edmon,Information Systems Manager,6,2
35096028,Pankethman,Page,Human Resources Manager,2,2
29547679,Buzek,Muffin,Help Desk Operator,8,2
26098232,Skentelbery,Flinn,Nurse Practicioner,11,1
38818317,Rebeiro,Laurice,Senior Developer,10,1
37694319,Ritchley,Maryl,Engineer II,6,2
27490805,Tithecote,Andreas,Professor,5,1
37007342,Krabbe,Raddie,Research Nurse,10,2
26757391,Wagnerin,Pearce,Data Coordiator,3,1
32176401,Darnborough,Allison,Software Consultant,7,1
39964759,Creek,Koo,Administrative Officer,1,1
29693754,Ansteys,Bonnee,Systems Administrator I,1,1
35286831,Ardling,Mauricio,Quality Engineer,11,1
40963264,Goundry,Jany,Internal Auditor,3,1
26017465,Risdall,Marin,Developer I,9,2
37501052,Farncombe,Inglis,Human Resources Manager,9,1
35228223,Glason,Elsa,Account Executive,8,2
35130628,Sandeland,Loralee,Statistician III,4,2
40119272,La Grange,Merna,Senior Cost Accountant,11,1
39522907,Luciano,Kimble,Data Coordiator,10,2
35561903,Phette,Felita,Web Designer I,9,2
31079131,Cawood,Muhammad,Web Designer IV,5,2
38053743,Di Biaggi,Maynard,Web Developer I,8,1
32332889,Jaggar,Felicio,Associate Professor,7,1
34389685,Burgon,Anthea,Marketing Assistant,6,1
27669953,Bahls,Tiertza,Graphic Designer,5,1
29095443,Gillam,Myrtia,Senior Sales Associate,12,1
38859590,Finlayson,Roselin,Financial Analyst,3,2
26171187,Wimms,Avril,Staff Accountant III,1,1
38203274,Iredale,Keeley,Internal Auditor,2,1
33006290,Kingswood,Reinaldo,Business Systems Development Analyst,5,1
40123916,Middup,Nelly,Legal Assistant,10,2
29227069,Stemson,Antonius,Graphic Designer,8,1
38313529,Folbigg,Micheil,VP Marketing,11,2
35420897,Scotcher,Dorris,Senior Editor,3,2
40513530,Gutans,Colet,Nuclear Power Engineer,12,2
35232963,Valsler,Arney,Chief Design Engineer,2,2
32641226,Tenant,Grantham,Engineer III,11,2
27170506,Escala,Jaquith,Environmental Tech,5,1
25087212,Stocking,Ulberto,Software Test Engineer III,7,2
32325543,Pudge,Rennie,Community Outreach Specialist,12,1
37336312,Perroni,Zack,Structural Engineer,9,2
35024497,Borghese,Malynda,Editor,6,2
33401706,Tunaclift,Lory,Statistician IV,12,2
29739884,Magnay,Lewes,Administrative Officer,12,2
32157412,Fenix,Kate,Physical Therapy Assistant,4,1
37788726,Varnham,Deena,Physical Therapy Assistant,2,1
36123096,Planque,Wynny,Human Resources Assistant I,1,2
35481672,Hubbard,Leta,Legal Assistant,12,2
31805893,Getch,Moyra,Statistician IV,9,1
32715993,Leggen,Brittaney,Executive Secretary,5,2
30347662,Kernaghan,Arlin,Media Manager IV,5,2
25071523,Harry,Dianemarie,Occupational Therapist,6,1
31639827,O'Giany,Dall,Programmer III,8,1
35105159,Trodler,Viviyan,Geologist II,1,2
33053735,Vertigan,Skye,Analog Circuit Design manager,12,2
33687058,Wadelin,Margette,Clinical Specialist,8,2
30630704,Borless,Rustie,Budget/Accounting Analyst III,12,2
33596032,Orknay,Claus,Web Designer II,2,2
35995136,Eyeington,Cathe,Senior Cost Accountant,3,2
31041002,Walklate,Hope,Professor,8,1
26690550,Rieger,Kissiah,Software Engineer IV,12,2
36593045,Petrillo,Gram,Quality Control Specialist,10,1
40813213,Dougary,Dennis,Account Executive,8,2
33970292,Jery,Maison,Human Resources Manager,2,2
26009991,Moorerud,Angelo,Help Desk Operator,6,1
32283723,Glisane,Beryl,VP Sales,12,1
25100875,Troman,Ruperto,Mechanical Systems Engineer,6,2
25316305,Tokley,Lazar,Community Outreach Specialist,10,2
32957751,Malthus,De,Biostatistician IV,5,1
28939708,Wauchope,Skipp,Senior Cost Accountant,8,1
33221712,Bigadike,Clifford,Desktop Support Technician,12,1
40465484,O'Flynn,Stephenie,Web Designer IV,7,2
38930054,Slayny,Alli,Research Associate,2,2
25200250,Ipsly,Stevena,Research Associate,1,2
29081715,Bertie,Kamilah,Human Resources Manager,2,2
38145874,Abbe,Court,Design Engineer,10,1
27462779,McGlashan,Randene,Help Desk Operator,6,2
31002026,Gebb,Gregor,Nurse Practicioner,7,1
33104172,Phelips,Yolanda,Accounting Assistant III,6,1
29192647,Bradnum,Clarisse,Assistant Media Planner,6,1
25898136,Monelle,Fenelia,Professor,5,1
29365006,Gut,Robina,Senior Financial Analyst,4,2
39182767,Stoyle,Waldemar,Nuclear Power Engineer,7,1
40002631,Corrington,Nady,Teacher,8,2
36605902,Flecknoe,Marta,Structural Engineer,5,1
26123666,Shelsher,Beverly,VP Marketing,1,1
27918144,Langston,Cirillo,Graphic Designer,4,2
31396424,Wilne,Milt,Desktop Support Technician,6,1
27455684,Blyth,Arlin,Professor,3,1
26485727,Wrigley,Trstram,Web Designer I,2,2
28407355,Cardow,Nissy,Data Coordiator,10,2
39519585,Hosier,Valdemar,Software Test Engineer III,8,2
30892870,Carette,Miriam,General Manager,8,2
38532070,Adney,Kikelia,Accountant IV,2,2
30819678,Milliere,Poul,Administrative Officer,8,1
39272372,Cumpsty,Stephanie,Senior Quality Engineer,10,2
26086437,Noni,Van,Statistician I,12,2
26756759,Dupey,Cleavland,Nurse Practicioner,5,2
27420218,Saiz,Cori,Geologist IV,5,1
36843795,Orneblow,Ailsun,Web Designer II,8,1
34646726,covino,Gabriella,VP Sales,7,1
33517884,Obee,Miguel,Librarian,1,1
33657406,Sparkwill,Sapphira,Media Manager I,7,1
37243916,Shave,Zacharias,Mechanical Systems Engineer,10,1
36919048,Philipeaux,Stormy,Graphic Designer,6,1
27751333,Airth,Bealle,Chemical Engineer,8,2
29014136,Vasquez,Graham,Chemical Engineer,9,2
29242318,Goodwill,Jessalin,Information Systems Manager,3,1
34601112,Hafner,Myrtice,VP Accounting,12,2
37008175,Brisland,Marge,Technical Writer,11,1
28179904,Mahony,Vaughan,Director of Sales,7,1
26247328,Oswald,Melania,Programmer Analyst I,6,1
27809165,Yakobovicz,Grace,GIS Technical Architect,4,2
28703011,Defew,Rudolf,Research Assistant IV,12,1
38198964,Ventum,Wandis,Staff Scientist,2,1
28986550,Godsafe,Horacio,Biostatistician III,4,2
38673254,Inott,Cairistiona,Software Engineer II,12,1
26908647,Lyndon,Genovera,Programmer III,1,2
40906169,Eykel,Berk,Quality Engineer,7,2
35865290,Janew,Thorndike,Social Worker,12,1
40618027,Pilpovic,Elora,Systems Administrator IV,8,2
25057929,MacPake,Tadeo,Physical Therapy Assistant,4,2
25778669,McClinton,Lida,Assistant Professor,4,1
36555724,Houndson,Barbabra,Professor,1,2
28506351,Syphus,Julianna,Graphic Designer,4,2
28856412,Vittery,Tamma,Marketing Manager,9,1
36700612,Sacase,Alane,Cost Accountant,2,1
25433185,Gladbach,Wolfie,Health Coach I,6,1
26357832,Clive,Dix,Statistician I,8,1
33405678,Cutmore,Trey,VP Accounting,12,2
31374071,Nuscha,Jocelyne,Staff Accountant II,1,1
30798390,Tinkler,Elmore,Product Engineer,6,2
34879777,Baguley,Kalli,Executive Secretary,12,1
25028959,Kryska,Leela,Electrical Engineer,1,2
30960229,Di Biasi,Risa,Internal Auditor,11,2
25295413,Overy,Blithe,Registered Nurse,6,2
31954046,Lucock,Tessa,Senior Cost Accountant,11,2
33227168,Solomon,Abbi,Staff Scientist,10,1
25439446,Mowle,Bernadene,Computer Systems Analyst II,3,2
36493731,Heigho,Davida,Information Systems Manager,3,1
25666668,Sterland,Hermann,Automation Specialist I,2,2
32783626,Fyndon,Arielle,Environmental Tech,7,2
35246169,Angless,Sauncho,Assistant Professor,12,1
36839200,Halversen,Francine,Database Administrator III,3,1
34836208,Mogra,L;urette,Geologist I,9,2
39922347,Brearley,Alan,Desktop Support Technician,2,2
34655536,Nisot,Dodi,Recruiter,5,1
27686102,Blacker,Carma,Senior Sales Associate,7,1
26599407,Antonioni,Templeton,Software Consultant,8,1
34024695,Cadigan,Hayes,Pharmacist,5,2
29136603,Lambole,Dewain,Executive Secretary,7,2
27493329,Pollicote,Nealy,Engineer I,1,1
39060063,Ferrea,Amelie,Project Manager,4,2
35056147,Pankhurst.,Novelia,Health Coach I,11,2
25922567,Murkin,Blaine,Analyst Programmer,6,1
38908363,Byne,Ulberto,Marketing Assistant,11,1
35342348,Ost,Casey,Senior Cost Accountant,7,2
30140057,Calkin,Marybeth,Business Systems Development Analyst,9,1
26617665,Moulson,Kaylyn,Social Worker,10,1
36929472,Macia,Sile,Electrical Engineer,10,2
34623426,Toolin,Felicia,Nurse Practicioner,5,1
39036784,David,Zaneta,Project Manager,4,1
37559056,Robertelli,Dominique,Paralegal,8,1
33984554,Clausner,Kaila,Quality Control Specialist,8,2
39210168,Kienzle,Binky,GIS Technical Architect,2,2
37774318,Munkley,Sile,Librarian,5,1
35467833,Bywaters,Rafaelia,Assistant Manager,6,1
27879025,Worsnap,Tildy,Business Systems Development Analyst,6,2
31330439,Elders,Jobi,Account Coordinator,12,1
29506994,Sorton,Pamela,Accountant IV,10,1
38903261,Burnell,Ced,Staff Accountant III,3,1
34849574,O'Fearguise,Kay,Operator,5,2
38841062,Greeveson,Ursola,Structural Engineer,8,2
30780195,Latey,Katee,Health Coach I,1,1
34833533,Tarborn,Giordano,Nurse Practicioner,6,2
28865828,Doyland,Leonora,Software Test Engineer IV,3,1
29979518,Endon,Darryl,Human Resources Manager,8,1
33351237,Kubczak,Elita,Food Chemist,12,2
36711278,Crampin,Ynes,VP Product Management,7,1
33614599,Willarton,Jacky,Project Manager,1,2
39493217,Burnand,Ketty,Senior Financial Analyst,6,1
35458897,Sciacovelli,Thom,Environmental Tech,3,1
26982510,Cowderay,Zarla,Nuclear Power Engineer,12,2
36625344,Brightman,Mindy,General Manager,7,1
35169028,Barth,Benedetto,Analyst Programmer,6,1
29503593,Lavens,Jillana,Software Test Engineer III,3,1
35195898,Grcic,Osbert,Research Nurse,12,1
33288444,Simononsky,Wilt,Tax Accountant,1,1
35458178,Chapier,Dalli,Senior Sales Associate,8,2
26461042,Gaunt,Catherin,Marketing Manager,12,1
32741110,Posselow,Fleur,Structural Analysis Engineer,3,2
38329150,Annetts,Marsh,Internal Auditor,2,1
29465469,MacKnockiter,Caril,Sales Associate,2,1
29474621,Ridehalgh,Fleming,VP Quality Control,7,2
30548205,Kopfen,Karisa,VP Quality Control,8,2
31521009,Gini,Winni,VP Quality Control,6,2
34808316,Colbeck,Ernst,Web Developer II,9,2
33655972,Offner,Arlin,Editor,8,1
38333361,Veregan,Joachim,Geological Engineer,10,2
36581671,Charer,Konstantin,Engineer III,4,1
26987369,Veryard,Gordy,Staff Scientist,5,1
34763263,Massel,Rand,Legal Assistant,8,2
35578676,Tomasi,Casandra,Sales Associate,5,1
37784344,Mitrikhin,Joya,Financial Analyst,12,1
29979680,Dougherty,Barbabas,Systems Administrator I,4,1
26749958,Mariette,Dorise,Physical Therapy Assistant,5,2
38582547,Corrigan,Betty,Teacher,6,2
38180931,Hannigan,Kacey,Database Administrator II,1,2
35355169,Skeggs,Wesley,Account Coordinator,7,2
25829625,Ginnaly,Margalit,Financial Analyst,5,1
30882132,Cacacie,Theo,Senior Editor,3,1
38368865,Petersen,Linnie,VP Accounting,7,1
26031352,Steward,Marianna,Accountant IV,7,1
27042086,Starking,Claresta,Chief Design Engineer,7,1
37978316,Corby,Eddie,Software Test Engineer IV,2,1
35501699,Wardley,Albrecht,Chief Design Engineer,3,1
30552645,Mapples,Phoebe,Actuary,2,2
28245458,Pleaden,Dianemarie,Food Chemist,2,2
30634894,Saggers,Franny,Database Administrator II,1,1
35769592,Ewebank,Fancy,Registered Nurse,3,2
28242659,Bolt,Melamie,Human Resources Manager,8,2
38081144,Oulet,Dur,Programmer Analyst III,6,2
25635797,Priestman,Georgi,Research Associate,5,1
34296762,Soares,Cori,Teacher,10,1
30843589,Mimmack,Francesca,Statistician II,12,2
37069101,Westmorland,Bendite,Senior Cost Accountant,10,1
34610567,Biset,Anissa,Associate Professor,11,1
35231612,Jeskin,Jane,Senior Sales Associate,3,2
33012509,Prator,Burton,Compensation Analyst,5,2
30641604,Tyson,Myron,Assistant Manager,7,2
26356046,Simkins,Clare,Graphic Designer,12,1
28393429,Goullee,Byrom,Quality Control Specialist,6,2
29631073,Springtorp,Yuri,Recruiter,2,1
36015962,Sprowle,Candida,Systems Administrator I,5,1
33116403,Loveard,Chaddie,Analog Circuit Design manager,7,2
40983686,Blinckhorne,Gertie,Budget/Accounting Analyst IV,12,1
36353688,Henner,Levey,Research Associate,9,1
25935248,Oxtaby,Natividad,Quality Engineer,3,2
34435563,Tyres,Charin,Geological Engineer,2,1
30377828,Quirk,Etti,Database Administrator II,1,2
37790871,Limpertz,Noreen,Human Resources Manager,4,1
32187865,Reely,Anatol,Graphic Designer,7,2
33598130,Starmore,Luise,Tax Accountant,10,1
30347410,Campana,Lonnie,Tax Accountant,11,2
25117515,Chrstine,Gelya,Marketing Assistant,7,2
33288556,Denyakin,Pietra,Physical Therapy Assistant,12,1
34343044,Venables,Ripley,Nurse Practicioner,10,1
33769950,Sopp,Karlotta,Database Administrator I,6,2
39910047,Okenden,Leonie,Chief Design Engineer,8,2
26783764,Higgonet,Craig,Internal Auditor,1,2
38511708,Gorst,Sharron,Chemical Engineer,4,2
35642939,Ielden,Jermaine,Quality Control Specialist,7,2
37512109,Bridgnell,Coralyn,Marketing Manager,12,1
28485705,Cossar,Maribel,Dental Hygienist,8,2
37482599,Fardell,Prinz,Geologist II,12,1
33586573,Robyns,Giordano,Nuclear Power Engineer,3,2
27134398,Orans,Catherina,Occupational Therapist,10,2
31091691,Garstan,Remus,General Manager,9,1
37526395,Truwert,Jack,Compensation Analyst,4,1
32036623,Syfax,Clarey,Software Consultant,11,1
26700707,Casemore,Esme,General Manager,12,2
34341214,Brixey,Bowie,VP Product Management,11,2
31356627,De Roos,Ruthy,Associate Professor,7,2
27700603,Robjents,Bondie,Operator,7,2
33533586,Marking,Barney,Senior Financial Analyst,7,2
39748655,Garham,Cordell,Junior Executive,6,1
28684010,Bartolacci,Patton,Research Nurse,10,2
38833922,Sponer,Anselm,Automation Specialist II,7,1
31528293,Klimp,Orland,Registered Nurse,12,2
30418026,Whiteoak,Janeta,Compensation Analyst,10,1
37640125,Bedbury,Dewie,Senior Sales Associate,8,2
36010326,Eastment,Josiah,Research Nurse,11,1
28715709,Butt Gow,Tristan,Editor,6,1
40158751,Arangy,Pen,Administrative Officer,3,1
40558178,Ogles,Mechelle,VP Accounting,12,1
26547526,Kondrat,Dania,Nuclear Power Engineer,10,2
38696652,Honniebal,Bret,Sales Representative,9,2
28281248,Gerritzen,Karalynn,Pharmacist,2,2
38632815,Ions,Linnet,Senior Editor,9,1
32212794,Blackaller,Hermina,VP Quality Control,2,1
37231558,Gomersall,Vladamir,Financial Analyst,10,1
34772042,Lehenmann,Conway,Automation Specialist II,2,1
37661300,Lupton,Antoni,Librarian,11,1
27385989,Barnes,Mindy,Information Systems Manager,8,1
36166608,Scanderet,Kelby,Data Coordiator,2,2
33509142,Geist,Ring,Compensation Analyst,4,2
32636435,Stanistreet,Kally,Engineer I,2,2
29711779,Moens,Cozmo,Structural Engineer,6,1
32392447,Lightfoot,Maxie,Teacher,11,1
27943336,Nardoni,Lorrie,VP Quality Control,8,2
33247811,Kensley,Ruggiero,Marketing Assistant,4,1
28988274,Enden,Roderick,Biostatistician II,3,2
26798935,Hollingby,Phip,Structural Engineer,9,2
32031218,Aberdalgy,Halie,VP Quality Control,1,2
35349350,Klosges,Kitty,Analyst Programmer,9,1
25533242,Strutt,Jordanna,Programmer I,10,2
39903188,Ubank,Wally,Actuary,3,2
33729804,Coye,Tova,Internal Auditor,7,1
27082010,Norres,Clemmy,Structural Analysis Engineer,10,2
28450170,Hedan,Tootsie,Help Desk Technician,11,1
25926188,Esilmon,Hamish,Sales Representative,11,2
29479980,Frayn,Theodosia,Structural Engineer,3,1
32035457,Huntley,Danni,Cost Accountant,8,1
31214420,Guihen,Bonnibelle,Community Outreach Specialist,9,1
38937125,Reaper,Cosette,Assistant Manager,1,2
28323364,Gunson,Henrik,Geologist I,6,1
26079645,Coppenhall,Natividad,Clinical Specialist,9,1
32663843,Jagiello,Shandra,Marketing Manager,4,2
40365179,Dimanche,Katey,Mechanical Systems Engineer,8,2
28008047,Frohock,Farlay,Compensation Analyst,5,1
30059398,Coraini,Everard,Associate Professor,7,2
29468123,Gormley,Savina,Compensation Analyst,3,1
35645189,MacShirie,Sol,Account Representative I,8,2
37890556,Amyes,Terri,Senior Quality Engineer,6,1
29080089,Wohler,Mignon,Research Associate,2,2
33755202,McCaughey,Judon,Account Executive,1,2
32112113,Esby,Mariquilla,Programmer IV,9,2
34218745,Gunthorp,Rikki,Assistant Media Planner,2,2
39356044,Sails,Dosi,Account Executive,6,2
40199179,Davenhall,Jaye,Accountant I,1,1
29716658,Devote,Markus,Assistant Manager,2,1
26534111,Kassel,Chickie,Recruiter,2,2
31606318,Egiloff,Colette,Accountant II,4,2
27455797,Bannell,Chan,Tax Accountant,5,1
32897115,Letteresse,Tove,General Manager,9,1
39031460,Drury,Griffie,Paralegal,10,1
30635326,Dunbleton,Egbert,Sales Representative,9,2
30388247,Gavini,Ingaberg,Database Administrator IV,2,1
37302059,Bolus,Aveline,Senior Quality Engineer,7,1
35135145,Dunsmuir,Lanni,Physical Therapy Assistant,11,1
25545705,Peaker,Mack,Electrical Engineer,1,1
39883229,Locard,Edlin,Automation Specialist I,9,2
31521004,Byass,Burton,Research Associate,9,1
25953205,Moller,Conrad,Sales Representative,1,1
35897406,Ahearne,Mariejeanne,Data Coordiator,5,1
39535587,Grishunin,Harwell,Environmental Tech,9,1
34752533,Netherclift,Tracy,Director of Sales,9,2
39699337,Coatts,Jaquith,Sales Representative,8,2
31085951,Wiltsher,Gerladina,Programmer I,1,2
40870167,Meyrick,Donaugh,Engineer I,7,2
38951057,Cymper,Yasmin,Safety Technician III,4,1
30196954,Swindle,Flint,Information Systems Manager,5,1
28491388,Hullin,Orelia,Professor,11,2
37005613,Dewen,Brigit,VP Sales,9,1
27142503,Laviste,Yoshi,General Manager,12,2
32147935,Jakubowicz,Demetrius,Quality Engineer,12,2
28741077,Petrasso,Gearard,Senior Cost Accountant,12,2
37469466,Douthwaite,Marc,Senior Sales Associate,7,1
30277332,Feild,Craggie,Assistant Professor,1,2
39913246,Rulf,Blinni,Financial Analyst,11,2
27750407,Jewess,Pryce,Sales Representative,12,1
38444294,Lumsdall,Paulette,Analog Circuit Design manager,12,1
40315463,Lago,Vinny,Analyst Programmer,8,1
35699568,Martinec,Edward,Legal Assistant,9,2
30064521,Songist,Patrizio,Account Coordinator,12,2
30754815,Pirazzi,Davidde,Automation Specialist II,12,1
33905413,Bartholomaus,Quintin,Nurse Practicioner,5,1
29528421,Greenhough,Antoine,Senior Editor,11,1
34000418,Galego,Creight,Compensation Analyst,1,2
33602518,McCard,Elfreda,Paralegal,4,2
35992553,Maunsell,Sena,Business Systems Development Analyst,10,2
37589706,Galler,Barnabas,VP Product Management,3,1
30124152,Tregunna,Abagail,Staff Scientist,9,2
40372673,Ismail,Sandye,Actuary,7,1
35004788,Persitt,Beatriz,VP Product Management,5,2
28934245,Grangier,Izak,Geologist III,10,2
34069965,Gregoraci,Jecho,Chief Design Engineer,4,2
26491827,Peartree,Bartie,Project Manager,7,1
29086350,Folbigg,Bradan,Registered Nurse,7,1
39153985,Coaten,Ken,Chief Design Engineer,10,1
35014194,Ellings,Kalinda,VP Accounting,6,2
36726549,Carren,Renato,Programmer Analyst III,3,2
40773415,Butrimovich,Jacquetta,Information Systems Manager,1,1
34100367,Willmore,Dwain,Operator,1,1
35154628,Crookston,Meade,Automation Specialist II,11,1
39684829,Jackways,Brody,Help Desk Technician,8,2
34288385,Headford,Hanan,Systems Administrator I,12,1
33484170,Annear,Mac,Administrative Assistant I,1,1
40412293,Hacket,Anabelle,Human Resources Manager,7,1
33866599,Oleksinski,Vladamir,Project Manager,2,2
38418829,Pleasaunce,Tymon,Help Desk Technician,3,1
36832737,Nancarrow,Fae,Statistician I,4,1
25772636,Chesters,Annabelle,Paralegal,1,2
32602943,Frizzell,Pauletta,Software Consultant,10,2
29879726,Strelitz,Marv,Accountant IV,3,2
36280174,Friatt,Justinian,Quality Engineer,10,2
38138869,Mohan,Petr,Desktop Support Technician,7,1
36888429,Inworth,Portia,Marketing Manager,8,1
32092989,Goodison,Quinn,Marketing Manager,3,2
25937361,Tiery,Sigismund,Product Engineer,11,1
32649563,Margerison,Anatol,Desktop Support Technician,9,1
27070194,Skillett,Lara,Senior Quality Engineer,10,2
25913267,Gammidge,Ajay,Product Engineer,6,1
25591416,Milbank,Mable,Sales Associate,12,1
40736137,Alesbrook,Bee,Chemical Engineer,12,2
31447006,Haworth,Rance,Social Worker,2,2
34523589,Schankelborg,Fritz,Recruiting Manager,8,1
26848276,Tuke,Julietta,VP Product Management,2,2
30777346,Viccary,John,Associate Professor,9,1
26109865,Bartolommeo,Duffy,Senior Editor,8,1
35979043,Habbon,Kean,Internal Auditor,6,1
40045909,Hannabus,Anallese,Administrative Assistant IV,3,2
32017350,Milberry,Skye,Senior Quality Engineer,3,1
29419203,Bollis,Meade,Automation Specialist III,8,2
33166912,Josskoviz,Hobard,Software Engineer IV,12,2
33253032,Coburn,Glori,Speech Pathologist,4,2
26707199,Quye,Alameda,Safety Technician II,11,1
35466916,Oggers,Bale,Engineer IV,3,1
38049940,Skehens,Kenton,Research Assistant I,2,1
33007417,Boulger,Maximilianus,Compensation Analyst,7,2
39459006,Berkley,Stafford,Tax Accountant,11,2
27539249,Hakonsen,Cecil,Database Administrator IV,5,2
27691222,Berfoot,Tammi,Marketing Assistant,4,1
38305651,Gentile,Jenelle,Media Manager I,7,2
35816957,Fishbie,Con,Senior Quality Engineer,3,2
38689858,Peto,Basile,Cost Accountant,5,2
38212600,Hares,Horatio,Chemical Engineer,10,1
31341848,Benley,Jeremie,Biostatistician I,4,2
27276561,McGarel,Seana,Design Engineer,3,1
35688742,Brafield,Laverna,Business Systems Development Analyst,4,1
34538340,Blakeley,Blake,Executive Secretary,5,1
29798342,Maving,Chas,Accounting Assistant IV,12,1
30808013,Mangion,Martita,Senior Cost Accountant,3,1
30184128,Gaber,Jillana,Senior Cost Accountant,12,2
38441140,Ronchetti,Jacobo,Senior Sales Associate,9,2
26881233,Beveredge,Mufi,Account Coordinator,10,2
28147375,Hellis,Barde,Accountant IV,12,2
34225734,Parradine,Tye,Recruiter,5,2
40003345,Marden,Ferdinand,Software Test Engineer IV,9,2
28488863,Thickin,Ervin,Marketing Manager,5,2
32575055,Broader,Ozzie,Analyst Programmer,12,2
28821568,Mateiko,Olin,Occupational Therapist,6,1
27808453,Caffery,Jordain,Physical Therapy Assistant,2,1
34628654,Ahrens,Nedda,Programmer IV,9,2
34070060,Harfleet,Sinclare,Financial Analyst,4,1
39631835,Setter,Hillary,Teacher,12,1
33341607,Nowak,Saidee,Account Executive,5,1
39064694,Shand,Reid,Account Coordinator,8,1
32896525,Keats,Josefina,Legal Assistant,3,2
34127959,McSperrin,Sheela,Assistant Professor,11,2
26010946,Somerset,Angil,Editor,2,2
28724297,Ritter,Tybi,Statistician II,9,1
37359757,Branni,Waite,Analyst Programmer,2,1
31659188,Cunnow,Tomasina,Information Systems Manager,1,2
34703393,Wethey,Sonja,Database Administrator IV,7,1
28173068,Pendered,Juditha,Sales Representative,7,2
25363559,Mc Dermid,Lonna,Editor,10,1
35755205,Petr,Rolf,Social Worker,7,2
35925813,Zanuciolii,Lorette,Account Coordinator,5,1
36632359,Di Francesco,Rustin,Administrative Assistant I,2,1
35951328,Bottle,Gunar,Help Desk Technician,9,1
40055341,Saynor,Kirstyn,Financial Advisor,7,2
26878178,Letterick,Sam,Physical Therapy Assistant,7,1
29310534,Heady,Fax,Financial Analyst,8,2
33595807,Cockle,Lorin,Structural Analysis Engineer,5,2
27871408,Gibke,Coriss,Graphic Designer,11,1
28990726,Wickerson,Corly,Payment Adjustment Coordinator,8,1
39618468,O'Griffin,Moishe,Accounting Assistant III,12,1
25092679,Humbert,Dale,Automation Specialist I,10,1
35611907,Hackly,Nollie,Professor,10,2
31342000,Crosen,Velvet,Marketing Manager,1,1
27489005,Biasini,Almire,Staff Accountant I,1,2
29989694,Rook,Marylinda,Budget/Accounting Analyst I,4,1
40056108,Groarty,Jesse,Compensation Analyst,9,1
28790354,Stuffins,Atlanta,Senior Financial Analyst,5,1
39504623,Dack,Giorgio,Systems Administrator II,12,1
25670229,Kirkham,Powell,Clinical Specialist,12,1
40021319,Twomey,Josefa,Recruiter,12,1
37468719,Jirusek,Horton,Web Designer II,3,2
29067919,Stanford,Caty,Legal Assistant,3,2
40055309,Klosges,Concettina,Automation Specialist II,7,2
40143611,Eldered,Algernon,Librarian,3,1
33249050,Charon,Dimitri,Product Engineer,9,2
37587720,Troy,Brant,Research Associate,3,2
29730421,Fawley,Shandie,Structural Engineer,8,1
27410690,Lorek,Ariel,Account Representative IV,6,2
34818339,Richardon,Neron,Desktop Support Technician,8,2
32183288,Hercock,Dory,Account Executive,1,1
27886361,Silk,Ilsa,Marketing Manager,6,2
27986557,Grist,Ailene,Database Administrator III,5,2
28823897,Caswell,Minetta,Executive Secretary,8,1
37416387,Idle,Yves,Staff Scientist,6,2
31366860,Bramelt,Phylis,Sales Associate,4,2
27034557,Korda,Horten,Senior Financial Analyst,4,1
28732187,Redihalgh,Kimberley,Cost Accountant,9,2
39280514,Arnefield,Ker,Account Coordinator,11,1
25569583,Halwill,Kalindi,Cost Accountant,4,1
39252177,Bernardelli,Bryan,Recruiting Manager,12,2
36705921,Franzman,Oberon,Librarian,4,1
35977891,Christophle,Olivero,Research Nurse,11,1
26211031,Hurling,Gweneth,Assistant Media Planner,10,1
31025804,Pyett,Saraann,Physical Therapy Assistant,11,1
30483085,Cahalin,Henka,Accountant IV,7,2
27941545,Verma,Brody,Occupational Therapist,8,1
31226122,Deards,Ilsa,Structural Analysis Engineer,4,2
40875870,Parsonage,Callida,Data Coordiator,1,2
38340396,Bassano,Bronny,Assistant Professor,2,2
35964266,Hinstridge,Maxy,Teacher,8,1
31328820,Creavin,Eugenius,Chief Design Engineer,6,1
36961180,Porteous,Briana,Information Systems Manager,10,2
35097656,Greschke,Claiborne,VP Sales,2,2
40501170,Orrin,Verge,Computer Systems Analyst III,7,1
37513815,Wakeling,Etti,Structural Analysis Engineer,1,2
37863273,Lakin,Shea,Budget/Accounting Analyst IV,3,1
40052406,Iddy,Lewes,Systems Administrator III,5,2
25486296,Trayes,Cassandre,Business Systems Development Analyst,5,1
35345715,Mussettini,Casie,Analog Circuit Design manager,5,1
25221360,Dameisele,Ash,Geological Engineer,1,1
36370319,Polotti,Rudy,Quality Control Specialist,3,2
35364368,Dyde,Van,Account Representative II,1,2
26762937,Corley,Brooks,Actuary,12,2
32535487,Lackie,Sollie,Human Resources Manager,2,2
25263881,Overy,Guillaume,Technical Writer,3,2
38684465,Drillingcourt,Ezequiel,Geological Engineer,5,2
37208191,Kettlestring,Blakeley,Information Systems Manager,12,1
27756160,Westcarr,Federico,Nuclear Power Engineer,5,2
39911790,Allsop,Jone,Internal Auditor,9,1
31232629,Toffetto,Kettie,Clinical Specialist,6,1
32943739,Newland,Grata,Safety Technician II,7,2
33424847,Linne,Gearard,Payment Adjustment Coordinator,3,2
38099060,Cona,Samaria,Actuary,11,2
26034148,Droghan,Kirstin,Tax Accountant,4,2
27326671,Waith,Nananne,Payment Adjustment Coordinator,10,1
25724793,Ewins,Cyril,Product Engineer,6,2
40826911,Pashley,Gaven,Sales Representative,3,1
35063046,Blest,Irvin,Project Manager,5,1
27498243,Hing,Aliza,Human Resources Manager,7,1
34201196,Laurenty,Leanna,Occupational Therapist,10,1
34081948,Nower,Georgianna,Legal Assistant,7,2
36900681,MacKinnon,Sherilyn,Data Coordiator,4,2
26263823,Garter,Ethelbert,Automation Specialist I,2,2
27152785,Silvermann,Gradey,Analog Circuit Design manager,7,2
32936623,Anniwell,Ferne,Analog Circuit Design manager,10,1
31793314,Lampl,Joel,Clinical Specialist,6,2
31948849,Brandsma,Sabrina,Food Chemist,9,1
27639927,Stobbie,Rubina,VP Quality Control,8,2
29406367,Strutt,Andie,Office Assistant II,9,1
33513068,Barfford,Hillery,Engineer IV,1,2
33699427,Triggs,Alyse,Staff Accountant III,1,2
26100705,Ganny,Karel,Health Coach I,6,2
39610233,Hargey,Freddie,General Manager,6,1
26013420,Luckcock,Araldo,Structural Engineer,9,1
33852043,Cosgreave,Nial,Geological Engineer,1,2
36807961,Enders,Jeremy,Civil Engineer,1,1
25077763,Camillo,Corella,Junior Executive,3,1
40537466,Salvidge,Egon,Community Outreach Specialist,6,1
40780776,Gowland,Obadiah,Editor,3,1
25233939,Rubinsztein,Natassia,Media Manager IV,2,1
35259340,Durgan,Cayla,Nuclear Power Engineer,2,1
31189047,Delicate,Tadeas,Information Systems Manager,11,2
34719822,Schulter,Liza,Senior Sales Associate,10,1
27783470,Vannah,Dagny,Technical Writer,8,1
39579671,Muston,Audy,Senior Developer,12,2
38628172,Rushmere,Jorgan,Food Chemist,6,2
39469390,Studde,Ulises,Staff Scientist,1,2
35450176,Battabee,Aharon,Help Desk Technician,7,2
25651078,Malcolmson,Ofelia,Teacher,9,1
27165036,Vaudin,Cordula,Account Representative IV,9,2
26794465,Yearn,Felic,Electrical Engineer,6,2
33424299,Matthews,Odelinda,Office Assistant IV,1,2
34864074,Neylon,Ossie,Marketing Assistant,2,2
37683138,Goncalo,Roderich,Actuary,7,1
35634091,Maty,Lacee,Dental Hygienist,11,2
29010725,Heustice,Jefferey,Marketing Manager,10,2
32370802,Gun,Rozina,Human Resources Assistant II,1,2
26870151,Caistor,Amargo,Compensation Analyst,5,1
39407720,Silverston,Walker,Electrical Engineer,6,2
32236218,Vanelli,Joell,Cost Accountant,11,1
40708336,Carnow,Adelaida,Assistant Professor,10,1
26277323,Dashkovich,Ogden,Help Desk Operator,11,2
30014869,Thamelt,Mill,General Manager,1,1
30350529,Aldrick,Shana,Data Coordiator,11,1
35262550,Trudgion,Lorri,Operator,1,1
28706281,Gritskov,Hank,Software Test Engineer II,7,2
34439101,Lisle,Kerwin,Payment Adjustment Coordinator,1,2
25496280,Pigram,Thomas,VP Quality Control,10,2
26586154,Cavy,Leonie,Librarian,4,1
30313161,Brice,Marchall,Recruiting Manager,7,2
25551172,Cejka,Kristel,Paralegal,2,2
31244556,Spleving,Lynnea,Senior Editor,6,2
36296232,Tyre,Livia,Software Test Engineer I,10,2
27523906,Janca,Deedee,Office Assistant I,4,1
33227720,Audrey,Lindy,Information Systems Manager,9,1
31648924,Garvagh,Gerda,Information Systems Manager,1,1
28765503,Lavens,Richardo,Biostatistician I,12,1
33402196,Gother,Anna,Marketing Manager,5,1
28914696,Emanulsson,Freemon,Librarian,9,2
28394151,Delcastel,Torey,Research Nurse,3,1
25161146,Vella,Heall,Human Resources Assistant III,6,2
32738394,Douch,Odell,Sales Associate,10,1
29264448,Degoey,Bonnie,Assistant Professor,10,2
27360538,Jurasz,Hubey,Marketing Manager,7,2
33697005,Bolin,Bobby,Software Consultant,2,2
29919856,Albury,Aubrey,Assistant Manager,11,2
38166304,Trahmel,Myles,Desktop Support Technician,12,1
30002673,Sant,Tuesday,Accounting Assistant IV,9,1
32713086,Phinn,Mitchael,Office Assistant I,12,2
29336103,Muddicliffe,Erastus,Electrical Engineer,10,2
37965456,Wraighte,Woodrow,Accountant I,3,1
26167124,Gilkes,Whitman,Assistant Professor,6,2
39927681,Artindale,Debera,Nurse Practicioner,11,1
32521650,Wilding,Bobette,Recruiting Manager,5,2
35333557,Myers,Paige,Account Executive,7,1
29488728,Michallat,Suzanna,Librarian,11,2
34427450,Ferreo,Kalvin,Safety Technician IV,1,1
32026476,Chardin,Cece,VP Marketing,12,1
36562713,Cantu,Lamont,Social Worker,10,2
27370287,Ruslin,Dotty,Developer I,11,2
38076666,Crossingham,Lil,VP Product Management,1,1
26121533,Harce,Anabal,Human Resources Manager,11,1
36197913,Keatch,Jaime,Civil Engineer,9,1
31448433,Branney,Yves,Occupational Therapist,9,1
26621065,McIlmorow,Burnard,Human Resources Manager,11,2
26630899,Creebo,Aile,Paralegal,10,2
36004744,Cudihy,Rosalia,Help Desk Technician,4,1
29018750,Madrell,Bren,Assistant Manager,2,1
33765419,Dashwood,Ruperto,Administrative Officer,3,2
31011674,Ungerer,Bancroft,Editor,10,2
30331815,Pippard,Thorpe,Structural Engineer,3,1
31944508,Jones,Nealy,Chief Design Engineer,1,2
26832016,Tufts,Trish,General Manager,12,1
31912368,Pynn,Danielle,Professor,6,1
35368808,Sikorsky,Raeann,Marketing Assistant,10,1
34887685,Curdell,Biron,Programmer III,6,2
29857764,Georgeau,Jerrylee,Statistician I,1,1
35360473,Padefield,Ellary,VP Sales,11,1
26216227,Gaythorpe,Cad,Social Worker,9,2
30846826,Krause,Etheline,Research Nurse,10,1
27930781,Pyner,Olivette,Marketing Manager,10,2
40636910,Benian,Andeee,Senior Quality Engineer,6,2
27148762,Runge,Reider,Chief Design Engineer,9,2
25499910,Pepall,Maximilien,Project Manager,7,2
39703101,Genery,Sig,Programmer IV,6,1
34785757,Elwill,Marysa,Occupational Therapist,4,2
36401733,Kinnar,Bevin,Help Desk Technician,11,2
38225279,Driussi,Liz,Teacher,4,2
36752409,Loosely,Misti,Dental Hygienist,6,1
32694737,Sansun,Dolly,Budget/Accounting Analyst III,9,1
31587000,Rouke,Tyrone,VP Marketing,5,2
26194461,Knowlden,Roz,Electrical Engineer,10,2
26137395,Eynald,Nikolai,Marketing Manager,8,2
40184699,Bugdale,Janos,Civil Engineer,4,1
33128723,Neely,Betta,Director of Sales,11,2
27572157,Gonnelly,Letitia,Safety Technician IV,12,1
34449161,Hammand,Thacher,VP Marketing,5,2
28059167,Mara,Aaron,Clinical Specialist,1,1
36876155,Dislee,Bonita,Statistician I,2,2
40466871,Marsay,Marlane,Recruiter,4,1
36099066,Jancy,Carmine,Research Nurse,12,2
32522032,Brosel,Mildred,Operator,1,2
27750792,Balsdone,Talbert,Nurse Practicioner,5,2
38823007,O'Lahy,Daren,Computer Systems Analyst IV,10,1
38206349,Romain,Whitney,Marketing Assistant,11,2
37792723,McGiff,Drucie,Administrative Officer,2,1
34714807,Caldroni,Milli,GIS Technical Architect,3,2
32302566,Sillwood,Jorrie,General Manager,7,1
35441873,Mechi,Ignaz,Administrative Officer,3,2
29617869,Dono,Em,Quality Engineer,4,2
33818129,Larmuth,Marysa,Recruiter,8,2
36795732,Louys,Wenonah,General Manager,2,2
38807036,Hamshaw,Shayne,Director of Sales,4,2
38092709,Boscott,Robbie,Research Assistant IV,4,1
33061308,Christy,Cary,Community Outreach Specialist,6,1
32111459,Lowcock,Rupert,Safety Technician II,11,1
34181362,Barizeret,Janice,Marketing Assistant,12,2
28012857,Iacovo,Eyde,Environmental Specialist,8,2
36701301,Dickerson,Tamiko,Help Desk Operator,3,2
32366926,Renison,Charis,Help Desk Operator,2,2
34155915,Simonot,Lind,Data Coordiator,12,2
34098313,Fingleton,Quinn,Software Engineer I,3,2
27050741,Suatt,Grantham,Editor,7,1
40327749,Tottem,Kori,Paralegal,2,1
34369658,Reasce,Aldon,Accountant I,1,2
38139702,Plomer,Alisa,Senior Editor,3,2
30549984,Brabon,Jdavie,Business Systems Development Analyst,2,1
26586226,Gridley,Creigh,Web Developer IV,2,2
35990330,Rogier,Jada,Data Coordiator,5,2
38067246,Whatham,Mariam,Data Coordiator,10,2
33980159,Febry,Julio,Actuary,9,1
35999803,Baser,Estella,Chemical Engineer,6,1
25001536,Cruces,Emlynne,Geological Engineer,9,2
36557743,Murphy,Sollie,Analyst Programmer,10,2
34613363,Boldt,Gilemette,Paralegal,1,2
38225169,Titcombe,Esteban,VP Sales,10,2
30264978,Holhouse,Tani,Systems Administrator II,9,1
35987225,Niaves,Corene,Software Test Engineer II,2,2
31490983,Olwen,Odessa,Civil Engineer,11,1
26425683,Gowen,Flin,VP Accounting,7,1
30402402,Fitzroy,Damita,Recruiter,8,2
27873381,Shoreman,Marillin,Internal Auditor,4,1
37953447,Camocke,Windy,Programmer I,1,1
26507815,Greatbanks,Si,Operator,8,2
25136413,Tregenna,Shirley,Software Consultant,9,1
36359105,MacCaig,Jordana,Research Assistant I,4,1
38827144,Zorzi,Jessa,Recruiting Manager,5,1
27284744,Lillford,Free,Research Associate,3,2
36649748,Donan,Abbe,Quality Engineer,9,2
26710176,Bedell,Nappie,Marketing Assistant,1,1
37826881,Sevier,Calv,Web Designer II,5,1
32175073,Legion,Lynette,Tax Accountant,7,1
25230120,Anthonies,Tomasina,Chemical Engineer,8,1
34529053,Kleisle,Roshelle,Geological Engineer,9,2
38774781,Frohock,Adelle,Associate Professor,7,1
28744384,Habbergham,Dalila,Software Engineer II,7,1
34397251,Puttergill,Fawne,Physical Therapy Assistant,12,1
39865003,De Vile,Odo,Structural Engineer,6,2
36494259,De Ferraris,Darelle,Information Systems Manager,12,1
37463884,Gooley,Kale,Administrative Officer,1,2
32562075,Calcutt,Jean,Sales Associate,10,2
37328053,Amorts,Cristabel,Automation Specialist IV,11,1
27013762,Ruberti,Jereme,Senior Sales Associate,1,2
34764140,Skule,Gianina,VP Accounting,5,1
40433426,Beedle,Renard,Executive Secretary,2,1
36616690,Offill,Sande,Actuary,7,1
34353204,Methuen,Whitby,Sales Associate,10,2
34635878,McGooch,Dexter,Technical Writer,12,1
25089250,Roseman,Blanche,Automation Specialist I,12,1
40632652,Lazenbury,Afton,Junior Executive,8,2
32485218,Birrel,Francene,Nuclear Power Engineer,3,1
31754460,Lethieulier,Gare,Community Outreach Specialist,11,1
37346409,Jurisch,Feodor,Electrical Engineer,8,2
31914194,Butland,Carlyn,Senior Sales Associate,11,1
33637017,Rugieri,Magnum,Administrative Officer,4,2
32225664,Bukowski,Mella,Project Manager,7,1
29729261,Ruperto,Kristyn,VP Product Management,9,2
28270492,Thew,Gordie,Senior Financial Analyst,1,2
30551028,Arnaez,Eunice,Dental Hygienist,6,1
31975398,Bellis,Tuesday,Marketing Manager,3,2
28156000,Farbrother,Moses,GIS Technical Architect,3,2
29856272,Airs,Kate,Assistant Professor,12,1
40731164,Weems,Nestor,Programmer I,9,2
31769636,Zapater,Alonso,Sales Representative,11,1
32264573,Fernandes,Bria,Assistant Manager,5,1
26692129,Wanell,Israel,Quality Engineer,5,2
30708991,Josefson,Sindee,Speech Pathologist,11,1
34166818,Hearfield,Avictor,Safety Technician IV,11,1
34452304,Reynolds,Dyane,Environmental Specialist,6,1
33227953,Bodicam,Leslie,Social Worker,5,1
29906268,Benettini,Riobard,Chemical Engineer,3,1
28582405,Rohmer,Dusty,Senior Sales Associate,11,1
25195632,Hodgin,Dina,Budget/Accounting Analyst II,6,1
25625065,Stolli,Filmore,Accounting Assistant I,1,2
25138487,Ratchford,Aldis,Registered Nurse,11,1
33824121,Binnall,Peggie,Executive Secretary,4,2
27142837,Allden,Marwin,Human Resources Assistant II,9,2
40047261,Glyde,Millie,Engineer II,11,1
32454841,Hayhow,Siward,Budget/Accounting Analyst IV,6,2
37004498,Casiroli,Camille,Junior Executive,11,2
37329505,Leng,Karlotta,Quality Control Specialist,1,2
26874701,Trevear,Aloysia,Environmental Tech,3,1
40081671,Thor,Willy,Cost Accountant,4,1
40733424,MacKall,Josefina,Recruiting Manager,7,2
26949963,Stegell,Derry,Staff Accountant III,4,2
35915738,Jobey,Andrea,VP Accounting,7,2
34314221,Hartop,Jo,Analog Circuit Design manager,11,2
38019616,Rosingdall,Ettore,Cost Accountant,12,1
32089014,Haffner,Adolph,Occupational Therapist,10,2
26236891,Trevna,Antonio,Programmer I,5,1
39225161,Iohananof,Gabriell,Assistant Manager,5,1
29561513,Emeney,Danya,Mechanical Systems Engineer,1,2
29175525,Maslen,Mozes,Chief Design Engineer,2,1
32145594,Snoxall,Melodee,Biostatistician I,9,2
39013523,Mabbutt,Shalne,Chemical Engineer,2,2
25132404,Hickin,Rose,Electrical Engineer,9,1
34863462,Custard,Garey,Human Resources Assistant III,3,2
28240569,Aguirrezabal,Bess,Business Systems Development Analyst,5,1
32181703,Prinett,Lavena,Help Desk Operator,3,2
27070521,Nardoni,Gates,Graphic Designer,5,1
27881392,Radsdale,Shirleen,Assistant Manager,5,1
26877132,Roxbrough,Allen,Health Coach III,5,1
33013326,Olanda,Alyosha,VP Quality Control,9,2
29848832,Christaeas,Connie,Geologist II,6,2
36405830,Cracie,Nick,Analog Circuit Design manager,3,1
25389351,Rashleigh,Nolan,Sales Associate,11,2
40081080,Sibbering,Barry,Information Systems Manager,9,1
33834342,Pinnick,Brandy,Product Engineer,6,1
28864210,Masson,Celestine,Payment Adjustment Coordinator,8,1
31262954,Warlton,Charity,Recruiter,8,2
35121121,McGuire,Murial,Internal Auditor,6,1
37069671,Manterfield,Janey,Registered Nurse,3,2
28796414,Orwin,Daffy,Nurse,6,2
35380582,Scud,Wenona,Physical Therapy Assistant,12,2
32656481,Batkin,Claresta,Project Manager,7,1
32085088,Elden,Iona,Tax Accountant,10,2
39220007,McArdell,Clementine,Automation Specialist I,10,1
40390866,Yacobsohn,Laird,Project Manager,4,2
37912471,Bergen,Lovell,Paralegal,9,2
33545646,Aikenhead,Cammy,Programmer IV,5,2
30801531,Klaas,Myer,Help Desk Technician,7,1
33147485,Porter,Aloisia,Senior Sales Associate,7,2
36435309,Burkill,Elfrida,Statistician II,12,1
39073877,Lampert,Martita,Electrical Engineer,11,1
34391496,Innot,Joell,Tax Accountant,7,2
32303054,Vigars,Ebeneser,Analyst Programmer,7,2
33936697,Glanert,Abraham,Structural Engineer,3,1
31496961,Peres,Dede,Associate Professor,5,2
26655322,Reinmar,Britney,General Manager,10,1
37607646,Hendren,Vitoria,Mechanical Systems Engineer,10,2
27173330,Tolley,Deena,GIS Technical Architect,8,2
32871368,Betchley,Lainey,Desktop Support Technician,9,1
28256447,Toke,Trudi,Executive Secretary,1,1
33049171,Ashwell,Binky,Database Administrator I,5,2
25950839,Alsobrook,Lucine,Accounting Assistant III,9,2
35070331,Steeden,Sydney,Senior Editor,8,1
29278657,Rosnau,Jennifer,Account Executive,9,1
34567769,Bahls,Bayard,Analog Circuit Design manager,9,2
39551901,Knighton,Cathy,Office Assistant II,9,2
33873976,Lycett,Vic,Senior Quality Engineer,8,1
31914475,Murrow,Reggi,Statistician I,3,2
30512213,Yakobowitz,Frederico,Sales Associate,5,2
28801201,Antonetti,Gerianna,Payment Adjustment Coordinator,9,1
32062693,Nehls,Warde,Programmer Analyst IV,8,1
39817201,Charlon,Letitia,Librarian,8,2
40638082,Pfaffe,Austin,Social Worker,11,2
26434465,Turl,Jesse,Accountant II,5,2
31125645,Giacobilio,Elijah,Food Chemist,10,1
29899010,Bartzen,Ardeen,Chemical Engineer,12,2
25700331,Scole,Gilbertine,Administrative Officer,12,2
36112794,Joselevitz,Carrissa,Senior Cost Accountant,9,1
38549109,Pauly,Magnum,Business Systems Development Analyst,7,2
30978471,Falkinder,Jeanine,Community Outreach Specialist,6,2
28485925,Netherwood,Evan,Help Desk Technician,1,2
34778246,Gilderoy,Hilda,Desktop Support Technician,6,2
31961235,Janaud,Jocko,Executive Secretary,4,2
27179253,Tresvina,Sara-ann,Geologist III,6,2
32618078,Ladon,Christoffer,VP Sales,9,1
29067802,Welbourn,Montgomery,VP Quality Control,9,1
31132132,Hargie,Alleyn,Legal Assistant,3,2
32365413,Ferrandez,Alidia,Marketing Manager,9,1
32349360,Henkens,Cthrine,Analyst Programmer,6,1
30788765,Troillet,Silvano,Budget/Accounting Analyst III,1,2
31070956,Ryce,Sybil,Occupational Therapist,12,1
31574044,Leveridge,Avivah,Marketing Manager,5,1
34429085,Sam,Georgette,Clinical Specialist,11,1
30598866,Bertelsen,Trista,Social Worker,10,2
26939277,Braksper,Eirena,Biostatistician IV,9,1
33567520,Lumley,Judi,Information Systems Manager,12,1
39292293,Aldhous,Aylmar,Financial Advisor,12,2
36158797,Stanford,Philippa,Biostatistician I,12,2
37868882,Ruzicka,Gary,Systems Administrator III,8,1
32181382,Hindshaw,Derril,Geological Engineer,10,2
35070033,Newport,Carney,Cost Accountant,12,2
27927848,Benoix,Wrennie,Payment Adjustment Coordinator,5,1
30187744,Housin,Maressa,Recruiting Manager,1,2
32851453,Miguel,Les,VP Sales,7,1
27129972,Clues,Melantha,Chemical Engineer,2,2
38010193,Jeffcoat,Lynn,Cost Accountant,1,2
27251819,Gravenell,Blisse,Desktop Support Technician,4,2
28218274,Comport,Evita,Operator,8,2
34076828,Rosario,Cordi,Administrative Officer,12,2
35296729,Haeslier,Phineas,Electrical Engineer,10,2
25674952,Gress,Elie,Recruiting Manager,7,2
30802625,Hinstridge,Estelle,Technical Writer,8,1
25759161,Avent,Nowell,Community Outreach Specialist,3,2
28619883,Coie,Ichabod,Administrative Assistant IV,2,1
32732750,Hacaud,Damian,Pharmacist,2,1
34366155,Ennion,Lydie,Analog Circuit Design manager,12,1
37285883,Eardley,Rancell,Physical Therapy Assistant,9,1
28391954,Faulkes,Wyatt,Associate Professor,3,2
31850795,Calow,Reinwald,Web Designer III,6,1
32904933,Fay,Agustin,Internal Auditor,12,1
26945935,Cartmel,Kay,Editor,10,1
32363546,Skellorne,Ros,Research Assistant IV,4,2
40952349,Klossmann,Cam,Senior Sales Associate,1,1
32490500,Weich,Gail,Social Worker,5,2
32004885,Worthing,Di,Financial Advisor,5,1
34704186,Eliez,Cindy,Software Test Engineer III,6,1
27579687,Blyden,Betti,Internal Auditor,1,2
28709535,Wickmann,Charlena,Help Desk Technician,2,2
35637918,Ostick,Berenice,Actuary,3,1
40116915,Falconer-Taylor,Shaine,Cost Accountant,2,2
25558871,Marjanski,Harlene,Computer Systems Analyst III,2,1
31971215,Getten,Cele,Help Desk Operator,1,1
29419199,Pien,Daron,Cost Accountant,3,2
25340168,Redhole,Anetta,Web Developer III,9,2
33818075,Gocke,Corbie,Quality Control Specialist,2,1
28353934,De Bruijn,Donelle,Editor,8,1
31815573,Jopson,Carry,Senior Editor,2,2
35926698,Rheubottom,Corny,Senior Cost Accountant,4,2
33316589,Joye,Vivian,Staff Accountant I,7,1
32346973,Cowlishaw,Adelaide,Project Manager,7,1
40719651,Osipenko,Sammy,Mechanical Systems Engineer,10,2
25344975,Challender,Bertrando,Media Manager IV,5,1
38610369,Linford,Holt,Geological Engineer,5,1
34892315,Melton,Blake,Chief Design Engineer,5,1
32285176,Jagger,Kirby,Geological Engineer,1,1
35614049,Masdon,Carlyn,Teacher,7,2
26178059,Hukins,Cart,Help Desk Operator,3,1
26942507,Blaes,Felicia,Physical Therapy Assistant,4,1
36941925,Louca,Kris,Tax Accountant,1,1
37876108,Choffin,Annamaria,Legal Assistant,3,2
31901182,Iliffe,Torey,Senior Editor,1,1
31616020,Pile,Malanie,Engineer III,4,2
39831197,Khan,Euphemia,Software Consultant,6,1
36730610,Lilburne,Constantine,Budget/Accounting Analyst II,1,2
35641983,Islep,Ddene,Professor,8,1
32231434,Yurkin,Keeley,Assistant Professor,6,1
37754148,Caps,Vin,Account Executive,2,2
40693675,Manilo,Lovell,Structural Analysis Engineer,2,2
37687413,Lofting,Carlotta,Chemical Engineer,6,1
25277918,Cappel,Noach,Sales Representative,12,1
29287401,Maddicks,Berton,Software Consultant,12,1
37891956,Meedendorpe,Minette,Marketing Assistant,12,1
25559738,Entreis,Perkin,Design Engineer,3,2
31651003,Leipelt,Denny,Senior Editor,11,1
37770920,Luke,Darren,Senior Quality Engineer,5,1
25248127,Kinvan,Janifer,Analyst Programmer,10,2
26455799,Sibray,Maximo,Recruiter,2,1
38330521,Cowoppe,Jocelin,VP Marketing,3,2
40069325,Worling,Dulcine,Recruiter,4,2
25447193,Lovie,Verge,Systems Administrator III,11,1
39768626,Picott,Whitney,Media Manager IV,4,2
33993179,Gerriessen,Aleen,Web Developer II,4,1
29858626,Garrow,Tomas,Senior Sales Associate,6,1
36611048,Gallear,Iolanthe,General Manager,3,1
34296835,Conner,Adrea,Assistant Media Planner,6,1
38061003,Punter,Marcelo,Editor,5,1
28782796,Mizzi,Eric,Graphic Designer,1,2
36322706,Syphus,Garner,Paralegal,10,1
28422194,Edsall,Chip,VP Accounting,11,2
37261686,Malley,Donna,Nuclear Power Engineer,3,2
39078845,Truluck,Austina,Librarian,7,1
34724963,Barrowclough,Berk,Product Engineer,7,1
33174970,Runge,Carmine,Chief Design Engineer,3,2
36731903,Rodenburgh,Reinold,Senior Developer,9,1
29064071,Orbine,Gerrilee,Web Developer III,1,1
30368087,Trevallion,Magdalena,GIS Technical Architect,4,2
28857626,Scholz,Hughie,Human Resources Assistant I,3,1
27752998,Twinterman,Lonnard,Structural Analysis Engineer,5,1
27469736,Coltman,Eveline,Software Test Engineer III,2,2
26909548,Cottle,Evangelin,Automation Specialist II,7,2
37299426,Maybey,Gustave,Civil Engineer,7,2
28068246,Geeritz,Elle,Accountant IV,8,2
30174622,Balmer,Mahala,Technical Writer,7,2
28246363,Seif,Hamlen,Structural Analysis Engineer,11,2
25804710,Westraw,Keeley,Nurse,4,1
29739087,Zecchinii,Andrus,Operator,9,1
30066423,Lydiard,Fraze,Operator,9,2
31680861,Tellenbroker,Deni,Project Manager,7,2
32204283,Dewane,Rica,Structural Engineer,5,1
36985601,Blamphin,Antony,General Manager,7,2
37337317,Crottagh,Allistir,Software Test Engineer I,8,2
36933417,Bodemeaid,Henri,Legal Assistant,3,1
34465385,Lesurf,Jade,Research Nurse,2,2
27866008,Hawick,Laurie,Chief Design Engineer,9,2
25928572,Melburg,Tami,Payment Adjustment Coordinator,4,2
27494320,Cowl,Christiane,Engineer IV,6,1
40103103,Nanetti,Fawnia,Dental Hygienist,1,1
31416704,Shearmur,Wenonah,Engineer IV,9,2
35776458,Cicchinelli,Chrissie,VP Product Management,3,2
35001020,Wreath,Maurits,Dental Hygienist,5,1
33609589,Washbrook,Brynna,Pharmacist,5,1
31490587,Chesser,Evangeline,Analyst Programmer,12,2
